{"cameraMode":{"drawMode":0,"name":"Shaded","section":"Shading Mode"},"sceneLighting":true,"audioPlay":false,"sceneViewState":{"showFog":true,"showMaterialUpdate":false,"showSkybox":true,"showFlares":true,"showImageEffects":true,"showParticleSystems":true},"in2DMode":false,"pivot":{"x":-7.887852191925049,"y":18.146404266357423,"z":12.967763900756836},"rotation":{"x":-0.016825715079903604,"y":-0.5276072025299072,"z":0.010452480055391789,"w":-0.8492584228515625},"size":22.764217376708986,"orthographic":false}